{   
    "VueInit": {
        "prefix": "VueInit",
        "body": [
            "<template lang=\"$1\">",
            "\t<div$3>",
            "\t\t$0",
            "\t</div>",
            "</template>",
            "<script>",
            "export default {",
            "\t",
            "}",
            "</script>",
            "<style lang=\"$2\">",
            "\t",
            "</style>"
        ],
        "description": "VueInit"
    },
    "templateLang": {
        "prefix": "templateLang",
        "body": [
            "<template lang=\"$1\">",
            "\t<div$2>",
            "\t\t$0",
            "\t</div>",
            "</template>"
        ],
        "description": "template element"
    },
    "script": {
        "prefix": "script",
        "body": [
            "<script>",
            "export default {",
            "\t$0",
            "}",
            "</script>"
        ],
        "description": "script element"
    },
    "styleLang": {
        "prefix": "styleLang",
        "body": [
            "<style lang=\"$1\">",
            "\t$0",
            "</style>"
        ],
        "description": "style element with lang attribute"
    }
}